problem,method,seed,iterations,final_objective,best_objective,final_primal,final_dual,final_rho,rho_changes,final_status,deploy_loss,continuous_loss,teacher_weight_rel_error,rho0,base_method,wall_time_sec,deploy_rel_error,weight_rel_error,bits,num_blocks,rho_min,rho_max
tanh_qat_nonconvex,online_ogd_rho0_0.01,0,100,0.20503775231442575,0.20503775231442575,0.3454933045750455,0.3593219613361834,0.5800942646968236,93,running,0.20841842626715704,0.20418476045099757,1.1994510968115777,0.01,online_ogd,0.45528970001032576,,,,,,
tanh_qat_nonconvex,online_ogd_task_aware_rho0_0.01,0,100,0.19765927807959663,0.19765927807959663,0.3787497807051758,0.3516452332976754,0.5534534597077047,100,running,0.20229387037029026,0.19680436979954677,1.2024582454926582,0.01,online_ogd_task_aware,0.40831460000481457,,,,,,
tanh_qat_nonconvex,online_ogd_task_feasibility_rho0_0.01,0,100,0.20812805797116737,0.20812805797116737,0.3374153171139469,0.6124371755209862,1.0549969834614885,100,running,0.20984709847430208,0.20727939169209075,1.1973379930835122,0.01,online_ogd_task_feasibility,0.40431019995594397,,,,,,
tanh_qat_nonconvex,online_ogd_rho0_0.1,0,100,0.20695728454471593,0.20695728454471593,0.37057195175341895,0.3809522767460703,0.5792517027275306,98,running,0.20912973840115745,0.2060941987365886,1.2023750119265153,0.1,online_ogd,0.3969556000083685,,,,,,
tanh_qat_nonconvex,online_ogd_task_aware_rho0_0.1,0,100,0.2078985629490426,0.2078985629490426,0.37244797929178514,0.33251130660119277,0.5239887009306655,100,running,0.21665929556032024,0.20705055641490266,1.196855513694957,0.1,online_ogd_task_aware,0.4163964000181295,,,,,,
tanh_qat_nonconvex,online_ogd_task_feasibility_rho0_0.1,0,100,0.24500676058067986,0.24500676058067986,0.3382593508557479,0.7142494053396321,1.2200158407977637,100,running,0.2501832993287261,0.24421489495261114,1.1760914123462527,0.1,online_ogd_task_feasibility,0.42535459995269775,,,,,,
tanh_qat_nonconvex,online_ogd_rho0_1,0,100,0.2154203899890402,0.2154203899890402,0.334053095056972,0.3473895420486769,0.5856860921942748,100,running,0.22131465499014305,0.2145889811230819,1.1970492594498963,1.0,online_ogd,0.4094899999909103,,,,,,
tanh_qat_nonconvex,online_ogd_task_aware_rho0_1,0,100,0.20774848612016977,0.20774848612016977,0.37098028196371124,0.3448730073797976,0.5633451851314258,100,running,0.21447722450561857,0.20690745315286727,1.2015262231230948,1.0,online_ogd_task_aware,0.40503419999731705,,,,,,
tanh_qat_nonconvex,online_ogd_task_feasibility_rho0_1,0,100,0.262144842787493,0.262144842787493,0.28426773655970733,0.6687045473679583,1.3568734385616839,100,running,0.2641766053936298,0.2613657162960796,1.1647442191982922,1.0,online_ogd_task_feasibility,0.3998051999951713,,,,,,
tanh_qat_nonconvex,online_ogd_rho0_10,0,100,0.23476026229675803,0.23476026229675803,0.2531856724054596,0.2762565811322044,0.567191862699387,100,running,0.23857624937022495,0.2339041548473281,1.201761820254343,10.0,online_ogd,0.458741300040856,,,,,,
tanh_qat_nonconvex,online_ogd_task_aware_rho0_10,0,100,0.23485885236451373,0.23485885236451373,0.14844117947672422,0.17947088040746725,0.6638971562834115,100,running,0.23445628332777227,0.23397492562319475,1.1986912708472501,10.0,online_ogd_task_aware,0.4413497999776155,,,,,,
tanh_qat_nonconvex,online_ogd_task_feasibility_rho0_10,0,100,0.26738098480720596,0.26738098480720596,0.0011331444470025671,0.004077243370617259,1.1207996747233782,98,running,0.2663568452033633,0.2664000957698314,1.2159384594636058,10.0,online_ogd_task_feasibility,0.509756000014022,,,,,,
tanh_qat_nonconvex,online_ogd_rho0_100,0,100,0.2958600597832776,0.2958600597832776,0.14646255400331043,0.11549111916467113,0.6200632158149105,97,running,0.2921132697540452,0.29166724959461854,1.2833643616724952,100.0,online_ogd,0.4302449999959208,,,,,,
tanh_qat_nonconvex,online_ogd_task_aware_rho0_100,0,100,0.3268201353372331,0.3268201353372331,0.08830691186453686,0.11028829227775946,0.7200303199987862,100,running,0.32276737537177874,0.3225210414780461,1.3047174628334357,100.0,online_ogd_task_aware,0.4757132999948226,,,,,,
tanh_qat_nonconvex,online_ogd_task_feasibility_rho0_100,0,100,0.3567072682404199,0.3567072682404199,0.022895774631157273,0.11914790838511512,1.1128803100111055,99,running,0.3536060662601435,0.3524170692276209,1.3201305419812837,100.0,online_ogd_task_feasibility,0.5103109999909066,,,,,,
tanh_qat_nonconvex,online_ogd_rho0_0.01,1,100,0.29513274108686993,0.29513274108686993,0.4086285790365007,0.4018261854104691,0.5851432215272937,89,running,0.3056431194167577,0.2941301761964217,1.1628849679347368,0.01,online_ogd,0.5351397000486031,,,,,,
tanh_qat_nonconvex,online_ogd_task_aware_rho0_0.01,1,100,0.2889998641117634,0.2889998641117634,0.4508714450874282,0.40689775743135403,0.5310952216263121,100,running,0.302502129240486,0.28799767232255635,1.1645564894792269,0.01,online_ogd_task_aware,0.869628099957481,,,,,,
tanh_qat_nonconvex,online_ogd_task_feasibility_rho0_0.01,1,100,0.3006533736186782,0.3006533736186782,0.39104233720840575,0.6750217075613397,0.9889283427443148,98,running,0.3033709839910803,0.2996387288799652,1.1634404126389843,0.01,online_ogd_task_feasibility,0.5446241999743506,,,,,,
tanh_qat_nonconvex,online_ogd_rho0_0.1,1,100,0.291072178084991,0.291072178084991,0.4008231292747,0.4257750230174003,0.5940138547775049,86,running,0.2937538626423063,0.2900583530332103,1.1657705056341285,0.1,online_ogd,0.49815549998311326,,,,,,
tanh_qat_nonconvex,online_ogd_task_aware_rho0_0.1,1,100,0.29388739310525036,0.29388739310525036,0.4091251122975634,0.3986881912738047,0.5758274751727269,99,running,0.3038461064741148,0.2928775611270034,1.1635678674668402,0.1,online_ogd_task_aware,0.441161299997475,,,,,,
tanh_qat_nonconvex,online_ogd_task_feasibility_rho0_0.1,1,100,0.3450169531300547,0.3450169531300547,0.3048861551756134,0.6861542173570511,1.3003184182635443,100,running,0.34664717560954444,0.3440240605270479,1.1545181398640123,0.1,online_ogd_task_feasibility,0.6511224000132643,,,,,,
tanh_qat_nonconvex,online_ogd_rho0_1,1,100,0.30840817779068114,0.30840817779068114,0.4163873914934265,0.42006027015572445,0.5858419919839277,91,running,0.31946566295226375,0.30741385757043155,1.1623952709503964,1.0,online_ogd,0.8337577999918722,,,,,,
tanh_qat_nonconvex,online_ogd_task_aware_rho0_1,1,100,0.30270694451060226,0.30270694451060226,0.4245298357034123,0.42247541617537776,0.6219522193196604,100,running,0.3114888554538537,0.30169771536087914,1.1602038996050108,1.0,online_ogd_task_aware,0.49709230003645644,,,,,,
tanh_qat_nonconvex,online_ogd_task_feasibility_rho0_1,1,100,0.42492957236268575,0.42492957236268575,0.2657986132389691,0.6453595770513757,1.3987914121842717,100,running,0.42754431394074793,0.42398437350172385,1.1425890274180837,1.0,online_ogd_task_feasibility,0.4365799000370316,,,,,,
tanh_qat_nonconvex,online_ogd_rho0_10,1,100,0.31733962434779256,0.31733962434779256,0.3099754242835411,0.29955788513953946,0.5982394585053036,100,running,0.31893969339437783,0.31634567118259777,1.175148892506026,10.0,online_ogd,0.46748370002023876,,,,,,
tanh_qat_nonconvex,online_ogd_task_aware_rho0_10,1,100,0.3468614150635946,0.3468614150635946,0.24500075579294694,0.25951179281272696,0.6080324206530893,100,running,0.34400064284944865,0.34587684265737084,1.1771432654317542,10.0,online_ogd_task_aware,0.5749070000019856,,,,,,
tanh_qat_nonconvex,online_ogd_task_feasibility_rho0_10,1,100,0.4605117520565997,0.4605117520565997,0.10643574402647656,0.224495771611365,1.4933320329364468,99,running,0.46317844454926477,0.4595846450362637,1.1816858388607157,10.0,online_ogd_task_feasibility,0.5355140000465326,,,,,,
tanh_qat_nonconvex,online_ogd_rho0_100,1,100,0.35916957300378893,0.35916957300378893,0.2752023015016214,0.3022368277415738,0.6174027328851588,98,running,0.35510244235827226,0.35556149700352657,1.206640012425452,100.0,online_ogd,0.48081669997191057,,,,,,
tanh_qat_nonconvex,online_ogd_task_aware_rho0_100,1,100,0.38933726406168273,0.38933726406168273,0.23464694377368284,0.23672379770146906,0.6394272195212943,100,running,0.41244184934087186,0.38552016108454473,1.2304428086984407,100.0,online_ogd_task_aware,0.802141499996651,,,,,,
tanh_qat_nonconvex,online_ogd_task_feasibility_rho0_100,1,100,0.5455201058646069,0.5455201058646069,0.002187366485859579,0.01885813016290448,1.8030522455511917,100,running,0.5411152586880976,0.5413772610551201,1.2451134077552686,100.0,online_ogd_task_feasibility,0.8161401000106707,,,,,,
tanh_qat_nonconvex,online_ogd_rho0_0.01,2,100,0.37262820651746076,0.37262820651746076,0.4203084761675939,0.43123358537385004,0.579411300086489,91,running,0.37309424972730626,0.37182962257329083,1.0350545029696243,0.01,online_ogd,0.36660790001042187,,,,,,
tanh_qat_nonconvex,online_ogd_task_aware_rho0_0.01,2,100,0.3628159880566094,0.3628159880566094,0.41571974638912945,0.3658901514590343,0.520994996244994,100,running,0.363315546401149,0.3620164675023485,1.0376400505103975,0.01,online_ogd_task_aware,0.38076899998122826,,,,,,
tanh_qat_nonconvex,online_ogd_task_feasibility_rho0_0.01,2,100,0.3783435773697884,0.3783435773697884,0.3824024738581622,0.708849679494368,1.066507221353741,99,running,0.3829206945284643,0.3775501947211592,1.033684259086006,0.01,online_ogd_task_feasibility,0.38646529999095947,,,,,,
tanh_qat_nonconvex,online_ogd_rho0_0.1,2,100,0.38329444449298694,0.38329444449298694,0.39895566045162434,0.4217112562816628,0.5825482369196036,94,running,0.38883905972886623,0.3825105681758507,1.0269574236698464,0.1,online_ogd,0.31413079996127635,,,,,,
tanh_qat_nonconvex,online_ogd_task_aware_rho0_0.1,2,100,0.38952089943512025,0.38952089943512025,0.41038902742544237,0.46226141012483224,0.6250766120852683,100,running,0.3917749279769122,0.3887422132605245,1.0262756453329267,0.1,online_ogd_task_aware,0.5755070999730378,,,,,,
tanh_qat_nonconvex,online_ogd_task_feasibility_rho0_0.1,2,100,0.4118974877709796,0.4118974877709796,0.37775880438329773,0.7829986645033704,1.230858498862018,99,running,0.41517782606403103,0.4111101885004849,1.0348569262118053,0.1,online_ogd_task_feasibility,0.4651589000131935,,,,,,
tanh_qat_nonconvex,online_ogd_rho0_1,2,100,0.3859463013132251,0.3859463013132251,0.3382778066154865,0.34869325870987966,0.5916762859750462,97,running,0.3926848666924047,0.38515728420159007,1.0370701535092361,1.0,online_ogd,0.3782792999991216,,,,,,
tanh_qat_nonconvex,online_ogd_task_aware_rho0_1,2,100,0.3949709778548948,0.3949709778548948,0.30949996197409785,0.34707808424862896,0.6696598581915038,100,running,0.39894748770307836,0.39417744798167736,1.0406583166085,1.0,online_ogd_task_aware,0.6675986000336707,,,,,,
tanh_qat_nonconvex,online_ogd_task_feasibility_rho0_1,2,100,0.4497461131128074,0.4497461131128074,0.20687993952678363,0.49730277473898576,1.4147070679596006,100,running,0.4528633540922362,0.44900209276608377,1.0473923581974276,1.0,online_ogd_task_feasibility,0.7501844000071287,,,,,,
tanh_qat_nonconvex,online_ogd_rho0_10,2,100,0.4092295639942019,0.4092295639942019,0.20605302797317554,0.20344957205066203,0.6043103227862368,95,running,0.4134070193002543,0.4084380046811736,1.045225453514628,10.0,online_ogd,0.6309121999656782,,,,,,
tanh_qat_nonconvex,online_ogd_task_aware_rho0_10,2,100,0.41682027261456456,0.41682027261456456,0.17999095129648018,0.19174146235742576,0.6214502040809788,99,running,0.417122647836043,0.41603191757383623,1.0433018257898197,10.0,online_ogd_task_aware,0.6418942000018433,,,,,,
tanh_qat_nonconvex,online_ogd_task_feasibility_rho0_10,2,100,0.4673563797023559,0.4673563797023559,0.05952220191545363,0.14779604920746653,1.3853147502237018,98,running,0.4664980742406312,0.4665219784687021,1.053117375027072,10.0,online_ogd_task_feasibility,0.8338195000542328,,,,,,
tanh_qat_nonconvex,online_ogd_rho0_100,2,100,0.4572759732937914,0.4572759732937914,0.16380100199526731,0.1539073523666009,0.5940631369926657,99,running,0.45424753219331276,0.4536015235120289,1.1224251609551035,100.0,online_ogd,0.5930611999938264,,,,,,
tanh_qat_nonconvex,online_ogd_task_aware_rho0_100,2,100,0.48089585807614504,0.48089585807614504,0.08023303393809769,0.1112354344472842,0.6805828483351557,100,running,0.4770746013261679,0.477182326941125,1.1229728367579774,100.0,online_ogd_task_aware,0.7463899999856949,,,,,,
tanh_qat_nonconvex,online_ogd_task_feasibility_rho0_100,2,100,0.49894383071518017,0.49894383071518017,0.10488933607897187,0.15678138113767578,1.2757786581081119,99,running,0.49213113207640813,0.49516278419879156,1.123256120307846,100.0,online_ogd_task_feasibility,0.481089000008069,,,,,,
tiny_llm_ptq,online_ogd_rho0_0.01,0,100,0.10034971180387546,2.7046705351734277e-05,7.433528654404136,7.428411566050906,0.7148128565165094,100,running,,,,0.01,online_ogd,2.7684377999976277,0.3394779504808275,0.3107506643551906,4,7,,
tiny_llm_ptq,online_ogd_task_aware_rho0_0.01,0,100,0.09772651919295205,2.7046705351734277e-05,7.370694007731501,7.234858521989062,0.7079313389364871,100,running,,,,0.01,online_ogd_task_aware,2.531330300029367,0.3371297924425472,0.3091620402135994,4,7,,
tiny_llm_ptq,online_ogd_task_feasibility_rho0_0.01,0,100,0.15393364976383755,2.7046705351734277e-05,6.369542617013227,10.214175674939746,1.1757822537275957,100,running,,,,0.01,online_ogd_task_feasibility,3.6045942999771796,0.32112890215540574,0.29679042870851824,4,7,,
tiny_llm_ptq,online_ogd_rho0_0.1,0,100,0.1006593014559655,0.0015440479746003802,7.490996185904446,7.515682867411223,0.7236672835831103,100,running,,,,0.1,online_ogd,1.9838734000222757,0.3453327543429547,0.311597891852136,4,7,,
tiny_llm_ptq,online_ogd_task_aware_rho0_0.1,0,100,0.12489485596901172,0.0015440479746003802,6.853177857473834,8.814975546117331,0.9299271114650043,100,running,,,,0.1,online_ogd_task_aware,1.7742653000168502,0.32774476437726846,0.3004938424983091,4,7,,
tiny_llm_ptq,online_ogd_task_feasibility_rho0_0.1,0,100,0.19629882719559327,0.0015440479746003802,5.803979459124256,12.316924602090939,1.6025879754570083,100,running,,,,0.1,online_ogd_task_feasibility,2.2955652000382543,0.31748412303308265,0.2926406570104631,4,7,,
tiny_llm_ptq,online_ogd_rho0_1,0,100,0.10206953429240195,0.033343998440322924,7.480322483908605,7.563266976096104,0.72987666098316,100,running,,,,1.0,online_ogd,2.5547886000131257,0.3429256450139404,0.31062046627822176,4,7,,
tiny_llm_ptq,online_ogd_task_aware_rho0_1,0,100,0.14195997670802876,0.033343998440322924,6.80547284207687,9.638700525726724,1.0255475898665039,100,running,,,,1.0,online_ogd_task_aware,2.0131993999821134,0.332567591579844,0.29958105099484356,4,7,,
tiny_llm_ptq,online_ogd_task_feasibility_rho0_1,0,100,0.2367052420527332,0.033343998440322924,5.477357165354144,14.36820445229667,1.9766386126368154,99,running,,,,1.0,online_ogd_task_feasibility,3.637140799954068,0.3126638307737877,0.2845400502967468,4,7,,
tiny_llm_ptq,online_ogd_rho0_10,0,100,0.10347813967286058,0.10173504164917668,7.41059839602077,7.575785915305893,0.7343759421569523,100,running,,,,10.0,online_ogd,2.696944900031667,0.3410356727676955,0.3093067066965134,4,7,,
tiny_llm_ptq,online_ogd_task_aware_rho0_10,0,100,0.1402903317643722,0.13070258973319934,6.96137058771341,9.585916048869032,1.0216393914860238,99,running,,,,10.0,online_ogd_task_aware,1.5167207999620587,0.34507876232532664,0.30468854688950026,4,7,,
tiny_llm_ptq,online_ogd_task_feasibility_rho0_10,0,100,0.2584166094054498,0.2305147919925994,5.1608256367880445,15.18049920725705,2.226295023044983,100,running,,,,10.0,online_ogd_task_feasibility,1.292233899992425,0.31417235517526254,0.2805538611329205,4,7,,
tiny_llm_ptq,online_ogd_rho0_100,0,100,0.10397500082609237,0.10294423074968075,7.377991693190698,7.562979730495139,0.7383747570812801,100,running,,,,100.0,online_ogd,1.3410224000108428,0.33704823077757035,0.3072101669952055,4,7,,
tiny_llm_ptq,online_ogd_task_aware_rho0_100,0,100,0.14254877286910517,0.14114236263239163,6.959702005665852,9.696682510033519,1.036664300721693,100,running,,,,100.0,online_ogd_task_aware,3.0705029999953695,0.33555232958996184,0.30384642473136797,4,7,,
tiny_llm_ptq,online_ogd_task_feasibility_rho0_100,0,100,0.28209597598009084,0.2818720014450854,4.872447234982065,16.199501207223932,2.567382681994785,100,running,,,,100.0,online_ogd_task_feasibility,2.9031270000268705,0.30354815690842857,0.27843715143429754,4,7,,
tiny_llm_ptq,online_ogd_rho0_0.01,1,100,0.10609954544977583,3.010527889665106e-05,7.702077308493609,7.628841872207586,0.708600696025209,100,running,,,,0.01,online_ogd,2.2615929999738,0.36101030533319767,0.31597939209964176,4,7,,
tiny_llm_ptq,online_ogd_task_aware_rho0_0.01,1,100,0.10988905189895591,3.010527889665106e-05,7.389510356026753,7.708749500613649,0.7305050793420309,100,running,,,,0.01,online_ogd_task_aware,2.469868200016208,0.33543869555700895,0.3071080505703222,4,7,,
tiny_llm_ptq,online_ogd_task_feasibility_rho0_0.01,1,100,0.1629261095390371,3.010527889665106e-05,7.01891065975821,10.685561014990318,1.1223352289564879,98,running,,,,0.01,online_ogd_task_feasibility,2.321069500001613,0.33745465638333216,0.3039548903279708,4,7,,
tiny_llm_ptq,online_ogd_rho0_0.1,1,100,0.10855832471341177,0.0017184390030493266,7.677412089451055,7.713477360814398,0.7175733021225178,100,running,,,,0.1,online_ogd,1.9952228000038303,0.3614932276976776,0.3154237312839016,4,7,,
tiny_llm_ptq,online_ogd_task_aware_rho0_0.1,1,100,0.13083893237201402,0.0017184390030493266,7.192866550048357,8.86407308841798,0.8804781499799745,100,running,,,,0.1,online_ogd_task_aware,1.577677399967797,0.3482340030289441,0.306343615324062,4,7,,
tiny_llm_ptq,online_ogd_task_feasibility_rho0_0.1,1,100,0.20831676051443976,0.0017184390030493266,6.4337368542384334,12.769375289031831,1.5044019225599239,100,running,,,,0.1,online_ogd_task_feasibility,1.674319399986416,0.335253707933283,0.296822211539633,4,7,,
tiny_llm_ptq,online_ogd_rho0_1,1,100,0.10931828615193687,0.03648084388380007,7.547137088647875,7.681068448241643,0.7235411660850865,100,running,,,,1.0,online_ogd,2.676743699994404,0.34729101653504824,0.30978321743112447,4,7,,
tiny_llm_ptq,online_ogd_task_aware_rho0_1,1,100,0.1355515897233687,0.03648084388380007,7.142002196135195,9.1285848172891,0.9269301006248024,100,running,,,,1.0,online_ogd_task_aware,1.5839716999907978,0.3480561625493732,0.30511879901158795,4,7,,
tiny_llm_ptq,online_ogd_task_feasibility_rho0_1,1,100,0.26373432573602473,0.03648084388380007,5.693876397726191,14.80081102434385,1.9667478036423944,100,running,,,,1.0,online_ogd_task_feasibility,1.4872313999803737,0.3187636125709889,0.28438618667546245,4,7,,
tiny_llm_ptq,online_ogd_rho0_10,1,100,0.11041305570875527,0.10939368286494519,7.53725088315494,7.705619603985894,0.7282335001262268,100,running,,,,10.0,online_ogd,2.1178466999554075,0.3514166647635473,0.31173379360012976,4,7,,
tiny_llm_ptq,online_ogd_task_aware_rho0_10,1,100,0.14046450325109078,0.13879122325718407,7.173246372229528,9.44811986708242,0.9550871458453782,100,running,,,,10.0,online_ogd_task_aware,2.3963391999714077,0.3536937475024672,0.3044496491351033,4,7,,
tiny_llm_ptq,online_ogd_task_feasibility_rho0_10,1,100,0.285086466584521,0.2504804971656825,5.569504898158386,15.801503136262436,2.2305481496844535,100,running,,,,10.0,online_ogd_task_feasibility,2.216987500025425,0.3358856129326987,0.28657803318922886,4,7,,
tiny_llm_ptq,online_ogd_rho0_100,1,100,0.11147992178699508,0.11032633038838313,7.548956817940026,7.729723086648071,0.7330214605657525,100,running,,,,100.0,online_ogd,2.2841895000310615,0.35635747010197527,0.3105330187644973,4,7,,
tiny_llm_ptq,online_ogd_task_aware_rho0_100,1,100,0.14487226439452378,0.14487226439452378,7.018024641759112,9.544263064508943,0.9934069836324481,100,running,,,,100.0,online_ogd_task_aware,2.047481300018262,0.34886515369198107,0.3009789672858709,4,7,,
tiny_llm_ptq,online_ogd_task_feasibility_rho0_100,1,100,0.3211450879459214,0.3177801745474247,5.182982323064713,17.26689664569636,2.620745662525765,100,running,,,,100.0,online_ogd_task_feasibility,3.3689094000146724,0.3314540489389726,0.2843591222192496,4,7,,
tiny_llm_ptq,online_ogd_rho0_0.01,2,100,0.10074969074239538,2.58171163390883e-05,7.997235285663324,7.927401009215231,0.6950746374059591,100,running,,,,0.01,online_ogd,2.009190700016916,0.362419983196447,0.32362496862454543,4,7,,
tiny_llm_ptq,online_ogd_task_aware_rho0_0.01,2,100,0.10947071880151765,2.58171163390883e-05,7.631652144028151,8.338431889235524,0.7539717964599738,100,running,,,,0.01,online_ogd_task_aware,1.934766500024125,0.3443432706397506,0.31326219735527255,4,7,,
tiny_llm_ptq,online_ogd_task_feasibility_rho0_0.01,2,100,0.16427700530275133,2.58171163390883e-05,7.156360216391668,11.521794461785147,1.1568561208712298,100,running,,,,0.01,online_ogd_task_feasibility,2.1879067000118084,0.33872263131792907,0.30788164047591715,4,7,,
tiny_llm_ptq,online_ogd_rho0_0.1,2,100,0.10196655891453783,0.0015512398999964195,7.900838391375075,7.92563781758609,0.7043721742642475,100,running,,,,0.1,online_ogd,2.0653593000024557,0.35588825120010453,0.32063833468417346,4,7,,
tiny_llm_ptq,online_ogd_task_aware_rho0_0.1,2,100,0.13918492890021064,0.0015512398999964195,7.357109991347702,9.989415788439244,0.9496888210795636,100,running,,,,0.1,online_ogd_task_aware,2.13225040002726,0.34287196568132855,0.3086768538085741,4,7,,
tiny_llm_ptq,online_ogd_task_feasibility_rho0_0.1,2,100,0.2109838442964442,0.0015512398999964195,6.640976569330159,13.898750979720214,1.5455575028092776,100,running,,,,0.1,online_ogd_task_feasibility,2.1002488000085577,0.32685171870196233,0.3002067237639715,4,7,,
tiny_llm_ptq,online_ogd_rho0_1,2,100,0.10396675585754542,0.03452574687619056,7.901221819518012,8.005955249550192,0.7101496212530384,100,running,,,,1.0,online_ogd,2.002403700025752,0.35782947545030563,0.320542756821725,4,7,,
tiny_llm_ptq,online_ogd_task_aware_rho0_1,2,100,0.15632555692005606,0.03452574687619056,7.640102030108532,11.121972149350295,1.0523470845539236,100,running,,,,1.0,online_ogd_task_aware,2.216678700002376,0.3592269509853969,0.31630477274177826,4,7,,
tiny_llm_ptq,online_ogd_task_feasibility_rho0_1,2,100,0.29319823142806073,0.03452574687619056,6.210289509592955,18.22156225594973,2.1997018878246912,100,running,,,,1.0,online_ogd_task_feasibility,2.219745000009425,0.31791408245691943,0.28914227490111494,4,7,,
tiny_llm_ptq,online_ogd_rho0_10,2,100,0.10416363798580533,0.1040120699341231,7.943581243557259,8.082198464077162,0.7147915365977983,100,running,,,,10.0,online_ogd,1.7228059000335634,0.3591686431383357,0.32152783922885037,4,7,,
tiny_llm_ptq,online_ogd_task_aware_rho0_10,2,100,0.1534923194471479,0.14886682158849132,7.252982431682756,10.766237713766186,1.0422456719371673,100,running,,,,10.0,online_ogd_task_aware,1.9193292999989353,0.34059558056141664,0.3056529099646593,4,7,,
tiny_llm_ptq,online_ogd_task_feasibility_rho0_10,2,100,0.31746706689367354,0.26191399307218466,6.052686662498094,19.1222052217369,2.4185837690262524,100,running,,,,10.0,online_ogd_task_feasibility,3.448449499963317,0.31833766190893903,0.28704376532328685,4,7,,
tiny_llm_ptq,online_ogd_rho0_100,2,100,0.10487175899560698,0.10462088941182772,7.848853985545153,8.104844394880894,0.7195964885573,100,running,,,,100.0,online_ogd,2.5531974000041373,0.3560495348973175,0.3182375279258946,4,7,,
tiny_llm_ptq,online_ogd_task_aware_rho0_100,2,100,0.1483472143609378,0.1483472143609378,7.2421007819870304,10.454703511309345,1.0366762834217969,100,running,,,,100.0,online_ogd_task_aware,1.7785945999785326,0.3417803832911101,0.30782320867967244,4,7,,
tiny_llm_ptq,online_ogd_task_feasibility_rho0_100,2,100,0.3204095417130594,0.3204095417130594,6.124041726470735,19.442201204652164,2.46381409484891,100,running,,,,100.0,online_ogd_task_feasibility,1.335039199970197,0.322241971246949,0.2887579252947789,4,7,,
tiny_llm_ptq_vector_rho,vector_online_ogd_rho0_0.01,0,100,0.09931725326655577,2.7046705351734277e-05,7.482855719281496,7.442362689587482,0.7066618364862464,100,running,,,,0.01,vector_online_ogd,1.2735925000160933,0.3440025958473935,0.3129343939841426,4,7,0.6629618122235196,0.7330388911996423
tiny_llm_ptq_vector_rho,vector_task_aware_rho0_0.01,0,100,0.09883837268521824,2.7046705351734277e-05,7.214434426816232,7.344656887982647,0.7143524377507517,100,running,,,,0.01,vector_task_aware,1.6969645000062883,0.33330154787199157,0.3071228679870199,4,7,0.6471368570044761,0.7923471672938417
tiny_llm_ptq_vector_rho,vector_task_feasibility_rho0_0.01,0,100,0.1550195270418016,2.7046705351734277e-05,6.371691502176529,10.299738035510845,1.2038599315084693,100,running,,,,0.01,vector_task_feasibility,2.2187810000032187,0.3250067732308628,0.29736638947934463,4,7,1.1425596917672893,1.23782991958754
tiny_llm_ptq_vector_rho,vector_online_ogd_rho0_0.1,0,100,0.10159647305601528,0.0015440479746003802,7.30895899806964,7.473677993882309,0.71522518699524,100,running,,,,0.1,vector_online_ogd,1.9338732999749482,0.33812455606890357,0.30592277809908636,4,7,0.6734889522542616,0.7415862089773239
tiny_llm_ptq_vector_rho,vector_task_aware_rho0_0.1,0,100,0.12065360242099822,0.0015440479746003802,7.070373086341301,8.57250868743331,0.848871736865888,100,running,,,,0.1,vector_task_aware,1.8159025000059046,0.33653938562817637,0.30498384241994975,4,7,0.7612367932439829,0.9200705912018272
tiny_llm_ptq_vector_rho,vector_task_feasibility_rho0_0.1,0,100,0.1931907111336744,0.0015440479746003802,5.74463568171379,12.243496876705988,1.5626032605340445,100,running,,,,0.1,vector_task_feasibility,1.8664512999821454,0.31517201340217016,0.29200923689881547,4,7,1.421787511166156,1.7012661093230974
tiny_llm_ptq_vector_rho,vector_online_ogd_rho0_1,0,100,0.10123079333952155,0.033343998440322924,7.457580312332658,7.504524443047709,0.721098776655393,100,running,,,,1.0,vector_online_ogd,1.640769400051795,0.34983696124754105,0.3115819735264052,4,7,0.6806113322384673,0.7479364349683901
tiny_llm_ptq_vector_rho,vector_task_aware_rho0_1,0,100,0.13119974587981365,0.033343998440322924,6.769083863758288,9.075593062962204,0.9301355101062618,100,running,,,,1.0,vector_task_aware,1.6831057000090368,0.33481534346515596,0.2992057104625617,4,7,0.8886426979047726,1.1052089208358824
tiny_llm_ptq_vector_rho,vector_task_feasibility_rho0_1,0,100,0.23436255196643635,0.033343998440322924,5.647124586160965,14.296926155618944,1.9245078921266132,100,running,,,,1.0,vector_task_feasibility,1.6694224000093527,0.3222468309177443,0.2877418837176555,4,7,1.838426622440273,1.9857375237089778
tiny_llm_ptq_vector_rho,vector_online_ogd_rho0_10,0,100,0.10256134075846543,0.10181777060936933,7.424416613472106,7.553124404852182,0.7259504663918369,100,running,,,,10.0,vector_online_ogd,1.6403411999926902,0.3448820586708846,0.31073929929395905,4,7,0.686707516177065,0.7519965086965694
tiny_llm_ptq_vector_rho,vector_task_aware_rho0_10,0,100,0.13334583846964249,0.13334583846964249,6.767793414555795,9.120907901481164,0.9569017571189449,100,running,,,,10.0,vector_task_aware,1.5249274999951012,0.32957393427465204,0.29858521994368936,4,7,0.875255672844627,1.0494570574461364
tiny_llm_ptq_vector_rho,vector_task_feasibility_rho0_10,0,100,0.2567552847015828,0.2305147919925994,5.221916131054152,15.144766415763636,2.1835136136155073,100,running,,,,10.0,vector_task_feasibility,1.572832699981518,0.309415961463209,0.2814521383563174,4,7,2.04746143757313,2.4053231706449436
tiny_llm_ptq_vector_rho,vector_online_ogd_rho0_100,0,100,0.10369440172072626,0.10284083525211363,7.345256229691683,7.558618045548484,0.72973881082113,100,running,,,,100.0,vector_online_ogd,1.6101176000083797,0.3322674283097685,0.30584324421875153,4,7,0.6898912963765084,0.7560719941554981
tiny_llm_ptq_vector_rho,vector_task_aware_rho0_100,0,100,0.13631400197019583,0.13631400197019583,6.728214384718766,9.345185228786352,0.9754165037494851,100,running,,,,100.0,vector_task_aware,1.927092999976594,0.32777290400907744,0.2998949488882999,4,7,0.8863398129962751,1.088241121825772
tiny_llm_ptq_vector_rho,vector_task_feasibility_rho0_100,0,100,0.2791406786519221,0.2775713473467023,5.094116902227328,16.251659673821706,2.4076990819992066,100,running,,,,100.0,vector_task_feasibility,1.840842999983579,0.31245295068999296,0.28092849781222684,4,7,2.257879320398258,2.607629747063076
tiny_llm_ptq_vector_rho,vector_online_ogd_rho0_0.01,1,100,0.104996039136718,3.010527889665106e-05,7.621455882833294,7.53070978272717,0.7074194938090387,100,running,,,,0.01,vector_online_ogd,1.7296340999891981,0.35881887950675423,0.3147685483635179,4,7,0.6820971973829753,0.7384988466725496
tiny_llm_ptq_vector_rho,vector_task_aware_rho0_0.01,1,100,0.10412348942557148,3.010527889665106e-05,7.504747125759377,7.545718231697791,0.7029608841213855,100,running,,,,0.01,vector_task_aware,1.906798499985598,0.34258006980796374,0.31069612340645353,4,7,0.6309827763524665,0.7914105336385254
tiny_llm_ptq_vector_rho,vector_task_feasibility_rho0_0.01,1,100,0.17061031456474163,3.010527889665106e-05,6.861740805587079,11.078709364400595,1.2009388287521547,100,running,,,,0.01,vector_task_feasibility,2.0487420999561436,0.3382708662275379,0.30161421278427797,4,7,1.0968666725923788,1.2541012504751117
tiny_llm_ptq_vector_rho,vector_online_ogd_rho0_0.1,1,100,0.10799934085102099,0.0017184390030493266,7.610327428622655,7.696361881163595,0.7156366416818218,100,running,,,,0.1,vector_online_ogd,1.8738181000226177,0.3566707199938403,0.31298665612538196,4,7,0.6932177563557139,0.7398059485771582
tiny_llm_ptq_vector_rho,vector_task_aware_rho0_0.1,1,100,0.12504576184642405,0.0017184390030493266,7.279985062830916,8.656759051277277,0.8511980003352773,100,running,,,,0.1,vector_task_aware,1.616851900005713,0.3503630112879608,0.30902993096159775,4,7,0.8110866398859358,0.9037672864470916
tiny_llm_ptq_vector_rho,vector_task_feasibility_rho0_0.1,1,100,0.21888815216543106,0.0017184390030493266,6.157330614364951,13.207203788746941,1.6111427382733965,100,running,,,,0.1,vector_task_feasibility,1.5338272000080906,0.32383538824428487,0.29371629381984327,4,7,1.5048207432800802,1.7349639642370525
tiny_llm_ptq_vector_rho,vector_online_ogd_rho0_1,1,100,0.10904336890108149,0.03648084388380007,7.559803501093376,7.670888022476146,0.7214074068930306,100,running,,,,1.0,vector_online_ogd,1.638891100010369,0.3473437645611254,0.3106636351876519,4,7,0.6995565734652711,0.7432550946484676
tiny_llm_ptq_vector_rho,vector_task_aware_rho0_1,1,100,0.13665796941327502,0.03648084388380007,7.157219932698503,9.299918917703641,0.9255938404246188,100,running,,,,1.0,vector_task_aware,1.7175441999570467,0.35315336874198083,0.3040563689833921,4,7,0.8176192604382391,1.0558721152946464
tiny_llm_ptq_vector_rho,vector_task_feasibility_rho0_1,1,100,0.26263539722339496,0.03648084388380007,5.822657403571657,15.03840090175822,1.9821117532417936,100,running,,,,1.0,vector_task_feasibility,1.5937039999989793,0.33200169765397985,0.28790658851264095,4,7,1.874155919900182,2.158371073316338
tiny_llm_ptq_vector_rho,vector_online_ogd_rho0_10,1,100,0.10948946511653505,0.10948946511653505,7.600608305346293,7.742708987212572,0.726230911437603,100,running,,,,10.0,vector_online_ogd,1.6542384999920614,0.3510856875615695,0.3118302730865471,4,7,0.7062615828735429,0.7444442634751887
tiny_llm_ptq_vector_rho,vector_task_aware_rho0_10,1,100,0.1439648766022375,0.1421400938036431,7.270372308725464,9.612426691974031,0.9461999046566101,100,running,,,,10.0,vector_task_aware,1.9047924999613315,0.3490260732929688,0.3068934689101036,4,7,0.8834606421596819,0.9984513268300153
tiny_llm_ptq_vector_rho,vector_task_feasibility_rho0_10,1,100,0.28602792400885985,0.2504804971656825,5.529717139503007,15.631541747428816,2.1721771751228776,100,running,,,,10.0,vector_task_feasibility,2.2526119999820367,0.3242832052820635,0.28492379291011777,4,7,1.9767449796697842,2.2972339597562654
tiny_llm_ptq_vector_rho,vector_online_ogd_rho0_100,1,100,0.11084546950093055,0.10968445588307003,7.599304109058096,7.809370048887257,0.7303627072322558,100,running,,,,100.0,vector_online_ogd,3.395092900027521,0.3562744976435263,0.31197264003341224,4,7,0.7069229473881445,0.7508438749992674
tiny_llm_ptq_vector_rho,vector_task_aware_rho0_100,1,100,0.1472495552006473,0.14633750762562633,7.288821709687375,9.728982632750053,0.9560126376989716,100,running,,,,100.0,vector_task_aware,2.1635847999714315,0.33992256778927504,0.3051351421630958,4,7,0.8968131318978594,1.011238128400892
tiny_llm_ptq_vector_rho,vector_task_feasibility_rho0_100,1,100,0.31816135243589233,0.3127362098322269,5.144383255506626,16.765877583512097,2.5342430690935798,100,running,,,,100.0,vector_task_feasibility,2.591920100036077,0.32361909566285374,0.28236049992800216,4,7,2.352927705468977,2.7215101617385167
tiny_llm_ptq_vector_rho,vector_online_ogd_rho0_0.01,2,100,0.10138908537094293,2.58171163390883e-05,7.909148147987337,7.880768438066912,0.7061098060478347,100,running,,,,0.01,vector_online_ogd,2.2177391999866813,0.36064541916916765,0.32159692154247227,4,7,0.6739643140391084,0.738275914013021
tiny_llm_ptq_vector_rho,vector_task_aware_rho0_0.01,2,100,0.10717384352629045,2.58171163390883e-05,7.899494117367584,8.27445671720061,0.7339715785077844,100,running,,,,0.01,vector_task_aware,1.682324699999299,0.3577027208392015,0.32165033906886914,4,7,0.6658402220991539,0.8024801138582068
tiny_llm_ptq_vector_rho,vector_task_feasibility_rho0_0.01,2,100,0.1729458961458607,2.58171163390883e-05,6.949058625976057,11.787683975122441,1.2392447526690464,100,running,,,,0.01,vector_task_feasibility,1.924676200025715,0.33122660584786945,0.3038051437155115,4,7,1.1648278513081156,1.298654424713965
tiny_llm_ptq_vector_rho,vector_online_ogd_rho0_0.1,2,100,0.10252811662787835,0.0015512398999964195,7.949190879065532,7.940722132565191,0.7161082501765246,100,running,,,,0.1,vector_online_ogd,1.8173895999789238,0.3611268230466881,0.32242020198699084,4,7,0.6831035282260975,0.7481695939984313
tiny_llm_ptq_vector_rho,vector_task_aware_rho0_0.1,2,100,0.12743499396068242,0.0015512398999964195,7.553002716929506,9.391827353073772,0.8735740483334368,100,running,,,,0.1,vector_task_aware,3.1771838999702595,0.3459800684279743,0.3127577384887289,4,7,0.8013952120122887,0.9795828982339504
tiny_llm_ptq_vector_rho,vector_task_feasibility_rho0_0.1,2,100,0.2166580823720151,0.0015512398999964195,6.646897768323511,14.354533810280927,1.5878063333210144,100,running,,,,0.1,vector_task_feasibility,3.335658899974078,0.3292691039211929,0.30045778181405525,4,7,1.493129540844465,1.6992934375758184
tiny_llm_ptq_vector_rho,vector_online_ogd_rho0_1,2,100,0.10466811842093415,0.03452574687619056,7.880903397093182,8.002495361664023,0.7216239841394082,100,running,,,,1.0,vector_online_ogd,2.6232945999945514,0.350861274608378,0.31880986864881516,4,7,0.6875555859784545,0.7540815072611478
tiny_llm_ptq_vector_rho,vector_task_aware_rho0_1,2,100,0.14158315520362746,0.03452574687619056,7.583735385245434,10.21832524658472,0.9639577181139459,100,running,,,,1.0,vector_task_aware,2.126293299952522,0.3565559986920252,0.3158950245753841,4,7,0.8836337609747998,1.0479072617529233
tiny_llm_ptq_vector_rho,vector_task_feasibility_rho0_1,2,100,0.2838286001643293,0.03452574687619056,6.323499801335929,17.824368117448707,2.0671256301485528,100,running,,,,1.0,vector_task_feasibility,2.313792900007684,0.3252778184393311,0.2928768536977925,4,7,1.890915951726129,2.3243186433868552
tiny_llm_ptq_vector_rho,vector_online_ogd_rho0_10,2,100,0.1052013324835795,0.1052013324835795,7.776386747870544,7.977287220144826,0.7267716701411057,100,running,,,,10.0,vector_online_ogd,2.233365199994296,0.35147738121082966,0.31689979839672655,4,7,0.6907854389961339,0.7591017512059013
tiny_llm_ptq_vector_rho,vector_task_aware_rho0_10,2,100,0.14080501697999065,0.1395507841063971,7.39777432389825,10.008283958157124,0.9543073515325758,100,running,,,,10.0,vector_task_aware,2.0061976000433788,0.34737501511583513,0.30973152788938974,4,7,0.8599141850861719,1.0266145366470267
tiny_llm_ptq_vector_rho,vector_task_feasibility_rho0_10,2,100,0.2990190266335568,0.26191399307218466,6.29944409045081,18.50081440029658,2.2600267466540402,100,running,,,,10.0,vector_task_feasibility,2.368198200012557,0.327243646679086,0.2920887269212302,4,7,2.0852350592569966,2.449875529656838
tiny_llm_ptq_vector_rho,vector_online_ogd_rho0_100,2,100,0.10655616640640525,0.10519813847626161,7.866731347253469,8.134642938399303,0.7309663440598675,100,running,,,,100.0,vector_online_ogd,2.154727199987974,0.35386467809720984,0.31889621111130567,4,7,0.6965273283949369,0.7632085040765062
tiny_llm_ptq_vector_rho,vector_task_aware_rho0_100,2,100,0.1503588927227216,0.1484644196270372,7.487934423515618,10.777365787463014,1.015220877211756,100,running,,,,100.0,vector_task_aware,1.4777549999998882,0.35097965328090575,0.31233886431133456,4,7,0.9619836418515433,1.0899135210840953
tiny_llm_ptq_vector_rho,vector_task_feasibility_rho0_100,2,100,0.32668477455793665,0.32668477455793665,5.940933390853149,19.51873736620628,2.5257873758267815,100,running,,,,100.0,vector_task_feasibility,1.5537729000207037,0.3161343421906513,0.2863678189580971,4,7,2.312802487836027,2.7021282439780774
